"STATION","DATE","SOURCE","LATITUDE","LONGITUDE","ELEVATION","NAME","REPORT_TYPE","CALL_SIGN","QUALITY_CONTROL","WND","CIG","VIS","TMP","DEW","SLP","AA1","AJ1","AY1","AY2","AZ1","AZ2","GA1","GA2","GA3","GE1","GF1","IA1","KA1","MA1","MD1","MW1","OC1","OD1","REM","EQD"
"34363099999","2024-01-22T03:00:00","4","50.0666666","45.3666666","119.0","KAMYSIN, RS","FM-12","99999","V020","310,1,N,0030,1","22000,1,9,9","010000,1,9,9","-0132,1","-0153,1","10374,1",,"0007,9,1,000700,9,9",,,"0,1,99,9","0,1,99,9",,,,,"00,99,1,99,9,99,9,99999,9,99,9,99,9","23,9","120,N,-0133,1","99999,9,10209,1","2,1,017,1,+999,9",,,,"SYN004BUFR",
"34363099999","2024-02-09T03:00:00","4","50.0666666","45.3666666","119.0","KAMYSIN, RS","FM-12","99999","V020","280,1,N,0050,1","22000,1,9,9","010000,1,9,9","-0067,1","-0101,1","10085,1",,"0001,9,1,000100,9,9",,,"0,1,99,9","0,1,99,9","02,1,+03000,1,03,1","99,9,+99999,9,00,1",,"9,AGL   ,+99999,+99999","04,99,1,02,1,99,9,03000,1,99,9,99,9","23,9","120,N,-0067,1","99999,9,09928,1","2,1,014,1,+999,9",,,,"SYN004BUFR",
"34363099999","2024-02-14T21:00:00","4","50.0666666","45.3666666","119.0","KAMYSIN, RS","FM-12","99999","V020","050,1,N,0090,1","00450,1,C,9","010000,1,9,9","-0102,1","-0117,1","10303,1",,,,,"0,1,99,9","0,1,99,9","08,1,+00450,1,06,1","99,9,+99999,9,10,1","99,9,+99999,9,10,1","9,AGL   ,+99999,+99999","08,99,1,08,1,99,9,00450,1,99,9,99,9",,,"99999,9,10141,1","2,1,012,1,+999,9",,"0120,1","3,99,9999,9,999","SYN004BUFR",
"34363099999","2024-02-18T06:00:00","4","50.0666666","45.3666666","119.0","KAMYSIN, RS","FM-12","99999","V020","170,1,N,0040,1","99999,9,9,9","004000,1,9,9","-0100,1","-0124,1","10329,1",,,"2,1,99,9","2,1,99,9",,,"02,1,+00450,1,07,1","99,9,+99999,9,03,1",,"9,AGL   ,+99999,+99999","07,99,1,02,1,99,9,00450,1,99,9,99,9",,"120,N,-0106,1","99999,9,10166,1","7,1,004,1,+999,9","10,1",,,"SYN004BUFR",
"34363099999","2024-02-21T00:00:00","4","50.0666666","45.3666666","119.0","KAMYSIN, RS","FM-12","99999","V020","050,1,N,0020,1","00250,1,C,9","004000,1,9,9","-0120,1","-0132,1","10332,1",,,"7,1,99,9","2,1,99,9",,,"07,1,+00250,1,07,1",,,"9,AGL   ,+99999,+99999","07,99,1,07,1,99,9,00250,1,99,9,99,9",,,"99999,9,10168,1","7,1,004,1,+999,9","77,1",,,"SYN004BUFR",
"34363099999","2024-02-23T21:00:00","4","50.0666666","45.3666666","119.0","KAMYSIN, RS","FM-12","99999","V020","290,1,N,9999,9","99999,9,9,9","013000,1,9,9","+9999,9","+9999,9","99999,9","99,9999,9,9",,,,"0,1,99,9","0,1,99,9","01,1,+00250,1,00,1",,,"9,AGL   ,+99999,+99999","08,99,1,01,1,99,9,00250,1,99,9,99,9",,,,,,,,"SYN004BUFR",
"34363099999","2024-03-17T21:00:00","4","50.0666666","45.3666666","119.0","KAMYSIN, RS","FM-12","99999","V020","020,1,N,0030,1","00250,1,C,9","004000,1,9,9","-0019,1","-0027,1","10169,1",,,"7,1,99,9","2,1,99,9",,,"08,1,+00250,1,07,1","99,9,+99999,9,05,1","99,9,+99999,9,10,1","9,AGL   ,+99999,+99999","08,99,1,08,1,99,9,00250,1,99,9,99,9",,,"99999,9,10014,1","7,1,013,1,+999,9","71,1",,,"SYN004BUFR",
"34363099999","2024-04-11T12:00:00","4","50.0666666","45.3666666","119.0","KAMYSIN, RS","FM-12","99999","V020","100,1,N,0020,1","99999,9,9,9","010000,1,9,9","+0165,1","+0115,1","10226,1",,,"5,1,99,9","4,1,99,9",,,"99,9,+03000,1,00,1",,,"9,AGL   ,+99999,+99999","07,99,1,99,9,99,9,03000,1,99,9,99,9",,,"99999,9,10081,1","7,1,008,1,+999,9","02,1",,,"SYN004BUFR",
"34363099999","2024-04-20T12:00:00","4","50.0666666","45.3666666","119.0","KAMYSIN, RS","FM-12","99999","V020","040,1,N,0060,1","99999,9,9,9","010000,1,9,9","+0186,1","+0044,1","10172,1",,,,,"0,1,99,9","0,1,99,9","02,1,+03000,1,03,1","99,9,+99999,9,00,1",,"9,AGL   ,+99999,+99999","07,99,1,02,1,99,9,03000,1,99,9,99,9",,,"99999,9,10028,1","7,1,008,1,+999,9",,"0100,1","3,99,9999,9,999","SYN004BUFR",
"34363099999","2024-04-20T18:00:00","4","50.0666666","45.3666666","119.0","KAMYSIN, RS","FM-12","99999","V020","999,9,9,9999,9","22000,1,9,9","020000,1,9,9","+0000,2","+0000,1","99999,9",,,,,"0,1,99,9","0,1,99,9","04,1,+03000,1,03,1",,,"9,AGL   ,+99999,+99999","04,99,1,04,1,99,9,03000,1,99,9,99,9",,,,"9,9,000,1,+999,9",,,"3,99,9999,9,999","SYN004BUFR","Q0111    2WGOSPD"
"34363099999","2024-04-21T09:00:00","4","50.0666666","45.3666666","119.0","KAMYSIN, RS","FM-12","99999","V020","150,1,N,0070,1","22000,1,9,9","010000,1,9,9","+0280,1","+0085,1","10125,1",,,,,"0,1,99,9","0,1,99,9","02,1,+01250,1,08,1","99,9,+99999,9,00,1",,"9,AGL   ,+99999,+99999","03,99,1,02,1,99,9,01250,1,99,9,99,9",,,"99999,9,09990,1","7,1,006,1,+999,9",,"0100,1","3,99,9999,9,999","SYN004BUFR",
"34363099999","2024-04-21T12:00:00","4","50.0666666","45.3666666","119.0","KAMYSIN, RS","FM-12","99999","V020","150,1,N,0070,1","22000,1,9,9","010000,1,9,9","+0280,1","+0085,1","10125,1",,,,,"0,1,99,9","0,1,99,9","02,1,+01250,1,08,1","99,9,+99999,9,00,1",,"9,AGL   ,+99999,+99999","03,99,1,02,1,99,9,01250,1,99,9,99,9",,,"99999,9,09990,1","7,1,006,1,+999,9",,"0100,1","3,99,9999,9,999","SYN004BUFR",
"34363099999","2024-04-21T21:00:00","4","50.0666666","45.3666666","119.0","KAMYSIN, RS","FM-12","99999","V020","340,1,N,0040,1","99999,9,9,9","020000,1,9,9","+0175,1","+0139,1","10131,1",,,"8,1,99,9","1,1,99,9",,,"04,1,+00800,1,09,1","99,9,+99999,9,03,1",,"9,AGL   ,+99999,+99999","07,99,1,04,1,99,9,00800,1,99,9,99,9",,,"99999,9,09991,1","2,1,006,1,+999,9","13,1",,,"SYN004BUFR",
"34363099999","2024-04-22T21:00:00","4","50.0666666","45.3666666","119.0","KAMYSIN, RS","FM-12","99999","V020","310,1,N,0060,1","99999,9,9,9","999999,9,9,9","+0132,1","+0059,1","10177,1",,,,,"0,1,99,9","0,1,99,9",,,,,,,,"99999,9,10031,1","7,1,001,1,+999,9",,,,"SYN004BUFR",
"34363099999","2024-04-23T09:00:00","4","50.0666666","45.3666666","119.0","KAMYSIN, RS","FM-12","99999","V020","290,1,N,0050,1","22000,1,9,9","020000,1,9,9","+0211,1","+0033,1","10174,1",,,,,"0,1,99,9","0,1,99,9",,,,,"00,99,1,99,9,99,9,99999,9,99,9,99,9",,,"99999,9,10031,1","7,1,004,1,+999,9",,,,"SYN004BUFR",
"34363099999","2024-05-10T12:00:00","4","50.0666666","45.3666666","119.0","KAMYSIN, RS","FM-12","99999","V020","220,1,N,0050,1","22000,1,9,9","020000,1,9,9","+0140,1","-0072,1","10198,1",,,,,"0,1,99,9","0,1,99,9","99,9,+01250,1,99,9",,,"9,AGL   ,+99999,+99999","01,99,1,99,9,99,9,01250,1,99,9,99,9",,,"99999,9,10051,1","7,1,018,1,+999,9",,"0140,1","3,99,9999,9,999","SYN004BUFR",
"34363099999","2024-05-10T21:00:00","4","50.0666666","45.3666666","119.0","KAMYSIN, RS","FM-12","99999","V020","220,1,N,0030,1","22000,1,9,9","020000,1,9,9","+0072,1","-0091,1","10183,1",,,,,"0,1,99,9","0,1,99,9",,,,,"00,99,1,99,9,99,9,99999,9,99,9,99,9",,,"99999,9,10032,1","7,1,007,1,+999,9",,,,"SYN004BUFR",
"34363099999","2024-06-03T12:00:00","4","50.0666666","45.3666666","119.0","KAMYSIN, RS","FM-12","99999","V020","260,1,N,0060,1","22000,1,9,9","020000,1,9,9","+0325,1","+0097,1","10113,1",,,,,"0,1,99,9","0,1,99,9","03,1,+01250,1,08,1","99,9,+99999,9,03,1",,"9,AGL   ,+99999,+99999","04,99,1,03,1,99,9,01250,1,99,9,99,9",,,"99999,9,09977,1","7,1,007,1,+999,9",,"0120,1","3,99,9999,9,999","SYN004BUFR",
"34363099999","2024-06-11T18:00:00","4","50.0666666","45.3666666","119.0","KAMYSIN, RS","FM-12","99999","V020","150,1,N,0020,1","22000,1,9,9","020000,1,9,9","+0265,1","+0126,1","10147,1",,,,,"0,1,99,9","0,1,99,9","02,1,+03000,1,03,1",,,"9,AGL   ,+99999,+99999","02,99,1,02,1,99,9,03000,1,99,9,99,9",,,"99999,9,10007,1","2,1,003,1,+999,9",,,,"SYN004BUFR",
"34363099999","2024-06-11T21:00:00","4","50.0666666","45.3666666","119.0","KAMYSIN, RS","FM-12","99999","V020","190,1,N,0020,1","22000,1,9,9","020000,1,9,9","+0255,1","+0120,1","10148,1",,,,,"0,1,99,9","0,1,99,9","02,1,+03000,1,03,1",,,"9,AGL   ,+99999,+99999","02,99,1,02,1,99,9,03000,1,99,9,99,9",,,"99999,9,10008,1","2,1,001,1,+999,9",,,,"SYN004BUFR",
"34363099999","2024-06-12T00:00:00","4","50.0666666","45.3666666","119.0","KAMYSIN, RS","FM-12","99999","V020","050,1,N,0030,1","00800,1,C,9","020000,1,9,9","+0237,1","+0144,1","10152,1",,,,,"0,1,99,9","0,1,99,9","05,1,+00800,1,06,1","99,9,+99999,9,03,1",,"9,AGL   ,+99999,+99999","06,99,1,05,1,99,9,00800,1,99,9,99,9",,,"99999,9,10011,1","2,1,003,1,+999,9",,,,"SYN004BUFR",
"34363099999","2024-06-12T03:00:00","4","50.0666666","45.3666666","119.0","KAMYSIN, RS","FM-12","99999","V020","060,1,N,0030,1","22000,1,9,9","020000,1,9,9","+0247,1","+0135,1","10155,1","99,9999,9,9",,,,"0,1,99,9","0,1,99,9","02,1,+03000,1,03,1",,,"9,AGL   ,+99999,+99999","02,99,1,02,1,99,9,03000,1,99,9,99,9","00,9","120,N,+0228,1","99999,9,10014,1","2,1,003,1,+999,9",,,,"SYN004BUFR",
"34363099999","2024-06-12T06:00:00","4","50.0666666","45.3666666","119.0","KAMYSIN, RS","FM-12","99999","V020","050,1,N,0020,1","22000,1,9,9","010000,1,9,9","+0282,1","+0147,1","10152,1",,,,,"0,1,99,9","0,1,99,9","99,9,+03000,1,00,1",,,"9,AGL   ,+99999,+99999","02,99,1,99,9,99,9,03000,1,99,9,99,9",,,"99999,9,10013,1","7,1,001,1,+999,9",,,,"SYN004BUFR",
"34363099999","2024-06-14T09:00:00","4","50.0666666","45.3666666","119.0","KAMYSIN, RS","FM-12","99999","V020","160,1,N,0040,1","22000,1,9,9","020000,1,9,9","+0311,1","+0164,1","10098,1",,,,,"0,1,99,9","0,1,99,9","02,1,+01250,1,08,1","99,9,+99999,9,03,1",,"9,AGL   ,+99999,+99999","03,99,1,02,1,99,9,01250,1,99,9,99,9",,,"99999,9,09961,1","7,1,006,1,+999,9",,,,"SYN004BUFR",
"34363099999","2024-06-14T18:00:00","4","50.0666666","45.3666666","119.0","KAMYSIN, RS","FM-12","99999","V020","050,1,N,0020,1","22000,1,9,9","020000,1,9,9","+0250,1","+0187,1","10102,1",,,,,"0,1,99,9","0,1,99,9","01,1,+03000,1,06,1","99,9,+99999,9,03,1",,"9,AGL   ,+99999,+99999","03,99,1,01,1,99,9,03000,1,99,9,99,9",,,"99999,9,09963,1","2,1,002,1,+999,9",,,,"SYN004BUFR",
"34363099999","2024-06-15T00:00:00","4","50.0666666","45.3666666","119.0","KAMYSIN, RS","FM-12","99999","V020","360,1,N,0020,1","22000,1,9,9","020000,1,9,9","+0207,1","+0174,1","10094,1",,,,,"0,1,99,9","0,1,99,9",,,,,"00,99,1,99,9,99,9,99999,9,99,9,99,9",,,"99999,9,09953,1","7,1,005,1,+999,9",,,,"SYN004BUFR",
"34363099999","2024-06-18T15:00:00","4","50.0666666","45.3666666","119.0","KAMYSIN, RS","FM-12","99999","V020","250,1,N,0060,1","22000,1,9,9","010000,1,9,9","+0316,1","+0139,1","10114,1","99,9999,9,9",,,,"0,1,99,9","0,1,99,9","02,1,+03000,1,08,1","99,9,+99999,9,00,1",,"9,AGL   ,+99999,+99999","02,99,1,02,1,99,9,03000,1,99,9,99,9",,,"99999,9,09978,1","3,1,003,1,+999,9",,"0110,1","3,99,9999,9,999","SYN004BUFR",
"34363099999","2024-06-24T21:00:00","4","50.0666666","45.3666666","119.0","KAMYSIN, RS","FM-12","99999","V020","280,1,N,0020,1","22000,1,9,9","020000,1,9,9","+0196,1","+0169,1","10043,1",,,,,"0,1,99,9","0,1,99,9","04,1,+03000,1,03,1",,,"9,AGL   ,+99999,+99999","04,99,1,04,1,99,9,03000,1,99,9,99,9",,,"99999,9,09902,1","7,1,007,1,+999,9",,,,"SYN004BUFR",
"34363099999","2024-06-27T03:00:00","4","50.0666666","45.3666666","119.0","KAMYSIN, RS","FM-12","99999","V020","310,1,N,0030,1","99999,9,9,9","010000,1,9,9","+0156,1","+0119,1","10087,1","99,9999,9,9",,,,"0,1,99,9","0,1,99,9","99,9,+03000,1,00,1",,,"9,AGL   ,+99999,+99999","07,99,1,99,9,99,9,03000,1,99,9,99,9","08,9","120,N,+0137,1","99999,9,09943,1","2,1,006,1,+999,9",,,,"SYN004BUFR",
"34363099999","2024-06-27T18:00:00","4","50.0666666","45.3666666","119.0","KAMYSIN, RS","FM-12","99999","V020","340,1,N,0040,1","99999,9,9,9","020000,1,9,9","+0192,1","+0088,1","10103,1",,,,,"0,1,99,9","0,1,99,9","02,1,+00800,1,06,1","99,9,+99999,9,03,1","99,9,+99999,9,10,1","9,AGL   ,+99999,+99999","08,99,1,02,1,99,9,00800,1,99,9,99,9",,,"99999,9,09961,1","2,1,015,1,+999,9",,"0110,1","3,99,9999,9,999","SYN004BUFR",
"34363099999","2024-07-05T00:00:00","4","50.0666666","45.3666666","119.0","KAMYSIN, RS","FM-12","99999","V020","060,1,N,0030,1","22000,1,9,9","020000,1,9,9","+0242,1","+0175,1","10101,1",,,,,"0,1,99,9","0,1,99,9","02,1,+03000,1,03,1","99,9,+99999,9,00,1",,"9,AGL   ,+99999,+99999","04,99,1,02,1,99,9,03000,1,99,9,99,9",,,"99999,9,09961,1","2,1,004,1,+999,9",,,,"SYN004BUFR",
"34363099999","2024-07-08T21:00:00","4","50.0666666","45.3666666","119.0","KAMYSIN, RS","FM-12","99999","V020","040,1,N,0030,1","22000,1,9,9","020000,1,9,9","+0225,1","+0080,1","10174,1",,,,,"0,1,99,9","0,1,99,9",,,,,"00,99,1,99,9,99,9,99999,9,99,9,99,9",,,"99999,9,10032,1","2,1,002,1,+999,9",,,,"SYN004BUFR",
"34363099999","2024-07-11T00:00:00","4","50.0666666","45.3666666","119.0","KAMYSIN, RS","FM-12","99999","V020","340,1,N,0020,1","22000,1,9,9","020000,1,9,9","+0230,1","+0121,1","10165,1",,,,,"0,1,99,9","0,1,99,9",,,,,"00,99,1,99,9,99,9,99999,9,99,9,99,9",,,"99999,9,10024,1","2,1,002,1,+999,9",,,,"SYN004BUFR",
"34363099999","2024-07-26T21:00:00","4","50.0666666","45.3666666","119.0","KAMYSIN, RS","FM-12","99999","V020","340,1,N,0030,1","22000,1,9,9","020000,1,9,9","+0171,1","+0077,1","10108,1",,,,,"0,1,99,9","0,1,99,9",,,,,"00,99,1,99,9,99,9,99999,9,99,9,99,9",,,"99999,9,09964,1","2,1,012,1,+999,9",,,,"SYN004BUFR",
"34363099999","2024-08-09T12:00:00","4","50.0666666","45.3666666","119.0","KAMYSIN, RS","FM-12","99999","V020","320,1,N,0040,1","22000,1,9,9","010000,1,9,9","+0255,1","+0146,1","10078,1",,,,,"0,1,99,9","0,1,99,9","02,1,+01250,1,08,1",,,"9,AGL   ,+99999,+99999","03,99,1,02,1,99,9,01250,1,99,9,99,9",,,"99999,9,09939,1","2,1,001,1,+999,9",,"0110,1","3,99,9999,9,999","SYN004BUFR",
"34363099999","2024-08-14T06:00:00","4","50.0666666","45.3666666","119.0","KAMYSIN, RS","FM-12","99999","V020","280,1,N,0070,1","22000,1,9,9","020000,1,9,9","+0182,1","+0121,1","10075,1",,,,,"0,1,99,9","0,1,99,9","03,1,+03000,1,03,1",,,"9,AGL   ,+99999,+99999","03,99,1,03,1,99,9,03000,1,99,9,99,9",,,"99999,9,09932,1","2,1,005,1,+999,9",,,,"SYN004BUFR",
"34363099999","2024-08-19T00:00:00","4","50.0666666","45.3666666","119.0","KAMYSIN, RS","FM-12","99999","V020","260,1,N,0040,1","22000,1,9,9","020000,1,9,9","+0205,1","+0093,1","10135,1",,,,,"0,1,99,9","0,1,99,9",,,,,"00,99,1,99,9,99,9,99999,9,99,9,99,9",,,"99999,9,09993,1","2,1,001,1,+999,9",,,,"SYN004BUFR",
"34363099999","2024-08-22T15:00:00","4","50.0666666","45.3666666","119.0","KAMYSIN, RS","FM-12","99999","V020","040,1,N,0040,1","22000,1,9,9","010000,1,9,9","+0255,1","+0086,1","10129,1","99,9999,9,9",,,,"0,1,99,9","0,1,99,9","99,9,+03000,1,00,1",,,"9,AGL   ,+99999,+99999","03,99,1,99,9,99,9,03000,1,99,9,99,9",,,"99999,9,09989,1","7,1,002,1,+999,9",,,,"SYN004BUFR",
"34363099999","2024-08-31T21:00:00","4","50.0666666","45.3666666","119.0","KAMYSIN, RS","FM-12","99999","V020","040,1,N,0030,1","22000,1,9,9","020000,1,9,9","+0190,1","+0076,1","10248,1",,,,,"0,1,99,9","0,1,99,9",,,,,"00,99,1,99,9,99,9,99999,9,99,9,99,9",,,"99999,9,10103,1","2,1,003,1,+999,9",,,,"SYN004BUFR",
"34363099999","2024-09-01T00:00:00","4","50.0666666","45.3666666","119.0","KAMYSIN, RS","FM-12","99999","V020","040,1,N,0030,1","22000,1,9,9","020000,1,9,9","+0180,1","+0072,1","10251,1",,,,,"0,1,99,9","0,1,99,9",,,,,"00,99,1,99,9,99,9,99999,9,99,9,99,9",,,"99999,9,10105,1","2,1,002,1,+999,9",,,,"SYN004BUFR",
"34363099999","2024-10-06T21:00:00","4","50.0666666","45.3666666","119.0","KAMYSIN, RS","FM-12","99999","V020","150,1,N,0020,1","22000,1,9,9","010000,1,9,9","+0142,1","+0063,1","10191,1",,,,,"0,1,99,9","0,1,99,9",,,,,"00,99,1,99,9,99,9,99999,9,99,9,99,9",,,"99999,9,10044,1","7,1,001,1,+999,9",,,,"SYN004BUFR",
"34363099999","2024-10-19T21:00:00","4","50.0666666","45.3666666","119.0","KAMYSIN, RS","FM-12","99999","V020","350,1,N,0020,1","00150,1,C,9","002000,1,9,9","+0075,1","+0073,1","10180,1",,,"6,1,99,9","6,1,99,9",,,"08,1,+00150,1,07,1","99,9,+99999,9,05,1","99,9,+99999,9,10,1","9,AGL   ,+99999,+99999","08,99,1,08,1,99,9,00150,1,99,9,99,9",,,"99999,9,10030,1","7,1,002,1,+999,9","61,1",,,"SYN004BUFR",
"34363099999","2024-11-30T21:00:00","4","50.0666666","45.3666666","119.0","KAMYSIN, RS","FM-12","99999","V020","240,1,N,9999,9","99999,9,9,9","013000,1,9,9","+9999,9","+9999,9","99999,9","99,9999,9,9",,,,"0,1,99,9","0,1,99,9","03,1,+00250,1,08,1","99,9,+99999,9,00,1",,"9,AGL   ,+99999,+99999","08,99,1,03,1,99,9,00250,1,99,9,99,9",,,,,,,,"SYN004BUFR",
"34363099999","2024-12-06T21:00:00","4","50.0666666","45.3666666","119.0","KAMYSIN, RS","FM-12","99999","V020","120,1,N,0060,1","00800,1,C,9","020000,1,9,9","-0049,1","-0089,1","10241,1",,,,,"0,1,99,9","0,1,99,9","08,1,+00800,1,06,1","99,9,+99999,9,10,1","99,9,+99999,9,10,1","9,AGL   ,+99999,+99999","08,99,1,08,1,99,9,00800,1,99,9,99,9",,,"99999,9,10260,1","2,1,003,1,+999,9",,"0100,1","3,99,9999,9,999","SYN004BUFR",
"34363099999","2024-12-18T21:00:00","4","50.0666666","45.3666666","119.0","KAMYSIN, RS","FM-12","99999","V020","300,1,N,0110,1","22000,1,9,9","010000,1,9,9","-0080,1","-0113,1","10045,1",,,"3,1,99,9","3,1,99,9",,,"02,1,+00450,1,06,1",,,"9,AGL   ,+99999,+99999","02,99,1,02,1,99,9,00450,1,99,9,99,9",,,"99999,9,09888,1","2,1,021,1,+999,9","36,1","0170,1","3,99,9999,9,999","SYN004BUFR",
"34363099999","2024-12-27T21:00:00","4","50.0666666","45.3666666","119.0","KAMYSIN, RS","FM-12","99999","V020","070,1,N,0020,1","99999,9,9,9","000200,1,9,9","-0050,1","-0056,1","10285,1",,,"4,1,99,9","4,1,99,9",,,"09,1,+99999,9,10,1","99,9,+99999,9,10,1","99,9,+99999,9,10,1","9,AGL   ,+99999,+99999","99,99,9,09,1,99,9,99999,9,99,9,99,9",,,"99999,9,10126,1","7,1,010,1,+999,9","49,1",,,"SYN004BUFR",
